Vessel Code,Vessel name
347338,Msl Lilac
478015,Msl Swift
356369,Msl Condor
403865,Msl Maersk
345519,Msl Nymphaea
300759,Msl Respect
484623,Msl Jake
484289,Msl Synergy
366438,Msl Westport
435524,Msl Yoshino
385370,Msl Hibiscus
386857,Msl Superior
360631,Msl Foo
426438,Msl London
408933,Msl Faith
444904,Msl Asha
441596,Msl Merchants
327386,Msl Victoria
385172,Msl Valhalla
367286,Msl Mariner
439874,Msl Basile
468057,Msl Resolution
433762,Msl Exceed
409046,Msl Parvati
495905,Msl Stallion
338176,Msl Swan
300464,Msl Opal
418823,Msl Peace
319008,Msl Jian
327227,Helmora Star
482005,Portline Blue
317487,Portline Imperial
371563,Portline Beverly
446320,Portline Kahlo
498909,Sundarban Crane
471527,Sundarban Acacia
481512,Sundarban Prosperity
447902,Sundarban Wall
346907,Sundarban Sachi
388400,Sundarban Dulce
437678,Sundarban Rhea
413222,Sundarban Pacific
321780,Westtide Grass
492080,Westtide Prolific
491436,Westtide Sakhawat
415233,Westtide Journey
444511,Westtide Precision
407796,Westtide Galaxy
450163,Westtide Glsr
452131,Westtide Alana
400770,Westtide Dipper
344397,Westtide Agradoot
380751,Westtide George
468665,Westtide Maersk
460714,Westtide Biscayne
497206,Westtide Galata
359527,Westtide Build
359800,Westtide Arista
433317,Westtide Wisdom
420493,Westtide Marguerite
491706,Westtide Marguerite
361833,Westtide Emerald
370065,Westtide Atlantic
438356,Westtide Fortitude
353102,Westtide Casablanca
343796,Westtide Curacao
410668,Westtide Sanvi
496964,Tattva Sw
301596,Tattva Suit
321686,Tattva Luca
472566,Tattva Lambada
341668,Tattva Pearl
380917,Tattva Maru
455221,Tattva Youth
423696,Tattva Margaret
377995,Skybridge Ibuki
350915,Skybridge Ol
358105,Skybridge Black
363467,Skybridge Sapphire
313844,Skybridge Moon
323890,Skybridge Master
321056,Skybridge Ii
420379,Skybridge Neptune
481287,Skybridge Maya
332213,Skybridge Brilliance
327249,Skybridge Pearl
376402,Skybridge Del
406850,Skybridge Maersk
428468,Skybridge Mountain
482452,Skybridge Life
318599,Skybridge Warrior
302741,Skybridge Zambezi
339553,Skybridge Alnic
423662,Grand Apatite
433773,Grand Mantis
428093,Grand Sequoia
483458,Grand Leo
383517,Grand Ace
326932,Grand Victoria
477377,Grand Progress
331427,Grand Pearl
378408,Grand Raven
387520,Grand Quest
397611,Grand Amisha
330298,Grand Athens
389831,Grand Weather
337801,Grand Mr
485413,Grand Selatar
408068,Grand Orchid
420596,Grand Victory
370039,Grand Pavitra
335133,Grand Li
393075,Grand Tenacity
491167,Grand Princess
387190,Grand Conrad
305366,Grand Hackney
305969,Grand Conductor
382519,Grand Eternity
403083,Grand Polaris
304747,Grand Adelaide
323452,Grand Gannet
364706,Grand Dulang
400980,Grand Zhuo
332057,Grand Wisdom
461221,Grand Krishna
408745,Grand Tapi
467106,Grand One
301965,Grand Yushi
309173,Grand Naree
479438,Grand Entity
439036,Grand Esles
479013,Grand Sydney
389623,Grand Taurus
394334,Grand Maersk
366243,Grand Mariner
397029,Grand Kailash
353596,Grand Amber
403798,Grand Build
414600,Grand Cougar
426142,Grand Life
404251,Grand Thamirabarani
358502,Grand Glory
421948,Grand Prime
419338,Grand Korthi
382345,Grand Glacier
354057,Grand Roadrunner
390565,Grand Energy
304341,Grand Progress
417492,Grand Badrinath
440574,Bay Stork
470083,Bay Gemini
463688,Bay Serenity
416374,Bay Linden
345112,Bay Amber
323905,Bay Harmony
378601,Bay Guide
470104,Bay Aman
390953,Bay Mariner
341155,Bay Roma
466906,Bay Magnetic
449225,Bay Dove
487529,Bay Piper
398237,Bay Kyma
390453,Trade Manga
408484,Trade Manga
468325,Trade Manga
395902,Ventures Cap
448095,Ventures Falcon
309504,Ventures Raffles
399037,Ventures Alora
422233,Ventures Om
357887,Ventures Pm
329004,Ventures Sanmar
409638,Ventures Saros
378406,Ventures Hiru
393616,Ventures Green
471740,Ventures Saca
467949,Ventures Voice
445739,Ventures Sensus
393235,Ventures Maha
464834,Transformers Optimus
451918,Transformers Megtron
365840,Transformers Bumblebee
487314,Transformers Star
424556,Transformers Screem
471018,Transformers Prime
375634,Transformers Sound
335997,Transformers Wave
396981,Transformers Hide
483936,Transformers Arcee
446601,Transformers Unicron
464413,Sugar Prima
312473,Sugar Sea
455552,Sugar Bw
461287,Sugar Reimei
307205,Sugar World 
470191,Sugar Kao
320075,Sugar Niman
300883,Sugar Prem
449413,Sugar Pamir
378528,Sugar Sw
367028,Sugar Prime
311683,Sugar Ny
400603,Sindhu Raja
434448,Sindhu Salin
308832,Sindhu Voyage
466793,Sindhu Dablam
347555,Sindhu Vega
369417,Eastern Central
464021,Aditya Muon
371942,Aditya Ravi
392487,Offshore  Lucia
319115,Offshore Asha
393631,Burnacles White
311558,Burnacles Trade
454946,Burnacles Solo
301320,Bainbridge Seginus
392508,Reliable Monta
385409,Panindia Flow
466199,Marine Adaptor
365839,Marine Saffaire
340364,Marine Pine
473805,Marine Diamond
318082,Marine Emerald
461061,Marine Stone
433185,Ground Shine
450340,Ground Gifted
453008,Ground Sail
303109,Ground Soul
472035,Ground Ever
478805,Ground Drift
413036,Malvia Seasky
303310,Malvia Coreocean
337982,Malvia Uog
341922,Malvia City
379129,Malvia Tristar
410771,Malvia Tbc
301176,Malvia Um
411967,Malvia Abram
436861,Malvia Hakata
474572,United Alar
479302,Eastocean Anasa
431359,Eastocean Dorothea
349278,Eastocean Ae
433061,Eastocean Bahri
314139,Eastocean Evergreen
384665,Eastocean Lilac
357946,Eastocean Wadi
484495,Eastocean Asl
354285,Eastocean Darya
399471,Eastocean Woodstock
313452,Eastocean Dijilah
380470,Eastocean Banglar
464008,Eastocean Clementine
489790,Eastocean Denver
355593,Eastocean Newsun
375631,Eastocean Reston
359534,Eastocean Navios
360149,Eastocean S-
462026,Eastocean Anna
450539,Eastocean Gamsunoro
327586,Eastocean Eagle
357836,Eastocean Cl
347831,Eastocean Permata
380317,Eastocean Okee
476842,Eastocean Astro
433257,Eastocean Bryanston
363490,Eastocean Crystal
480437,Eastocean Multan
408391,Eastocean Top
300892,Eastocean Yuan
407297,Eastocean Serene
331411,Novatel Vivia
494411,Novatel Global
403125,Novatel Advantage
379528,Novatel Pusaka
313977,Novatel Devbulk
329710,Novatel Gas
376363,Novatel Gede
376591,Novatel Poavosa
465703,Novatel Benjamin
333825,Novatel Kotrag
450875,Novatel Bulk
483715,Novatel Duke
364925,Novatel Ds
443670,Novatel Galateia
402588,Novatel Sandpiper
396692,Novatel Dylan
338654,Novatel Phoenix
481646,Novatel One
309893,Novatel Bh
384387,Novatel Mfm
324984,Novatel Gemini
484026,Novatel Oriental
414929,Novatel Mt
463010,Novatel Arctic
303134,Novatel Bosphorus-M
443872,Novatel Pamir
424155,Novatel Garnet
411738,Novatel Med
481355,Novatel Stellar
488768,Novatel Lucy
308439,Novatel Cape
392190,Novatel Rik
359908,Novatel Captain
486215,Novatel Lavender
337983,Novatel Yi
451077,Novatel Coral
302190,Novatel Effie
368444,Novatel Albedo
308428,Novatel Wisteria
394914,Novatel Ganga
400161,Novatel Moritz
431814,Novatel Paiwan
334757,Novatel Neptune
412933,Novatel Boson
460853,Novatel Apj
493796,Novatel Tsukuba
419396,Novatel Coatlicue
349479,Novatel Al
490145,Novatel Mtm
433095,Novatel Theresa
458182,Novatel Bright
377318,Novatel Bg
424040,Novatel Mildred
395875,Novatel Cpg
432444,Novatel Sanggau
497221,Novatel Stena
384318,Novatel Demerara
385567,Novatel Orcinus
414198,Novatel Oceanus
402836,Novatel Wen
407350,Novatel Eliak
392161,Novatel Everglades
425831,Novatel Castara
486385,Novatel Great
406456,Novatel Yellow
422831,Novatel Precious
498015,Novatel Genco
409870,Novatel Aquitania
327238,Novatel Fidan
410695,Novatel Bagheera
494910,Novatel Zoe
356391,Novatel Apollo
386731,Novatel Magnes
349311,Novatel Henry
402877,Novatel Mega
443190,Novatel Opera
353689,Novatel Trust
395656,Novatel Mh
383576,Novatel Nova
474098,Novatel Fj
364853,Novatel Sabeel
452106,Novatel Bbc
492133,Novatel Sakura
314847,Novatel Lattafa
479312,Novatel Riverside
351318,Novatel Mia
426380,Novatel Sharifa
345955,Novatel Strategic
473878,Novatel Mica
422159,Novatel Sachi
338126,Novatel Corefortune
417033,Novatel Babuza
454990,Novatel Trinity
306847,Novatel Sarus
387722,Novatel Rishiri
449950,Cape Greatship
328666,Cape Hisui
332191,Cape Ayat
484298,Cape Noel
420434,Cape Rosewood
426086,Cape Nightingale
465887,Cape Amis
300045,Cape Sunny
461379,Cape Fuda
364649,Cape Idon
328932,Cape Dong-A
448117,Cape Zita
457801,Cape Margarete
400923,Cape Nave
437225,Cape Occitan
446346,Cape Ivs
458031,Cape Xin
479864,Cape Radiant
315329,Cape Chemtrans
474708,Cape Wooyang
436524,Cape Helene
308849,Cape Oocl
377967,Cape Key
402067,Cape Londra
318169,Cape Essien
327192,Cape Kamui
317441,Cape Integrity
423419,Cape Pro
329492,Cape Zeus
401506,Cape Blooming
308323,Cape Indonesian
330326,Lpg Ks
484416,Lpg Orient
407155,Lpg Anabela
367691,Lpg Clotilde
361267,Lpg Eva
490499,Lpg Katagalan
359240,Lpg Dai
479738,Lpg Filiz
476803,Ganga Donata
304888,Ganga Hl
418104,Ganga Agios
360865,Ganga Bordo
404097,Ganga Golden
453634,Ganga Savir
422274,Ganga Basset
379427,Ganga Petrel
410145,Ganga Meteor
301340,Ganga Largo
373959,Ganga Glbs
331081,Ganga Kirsten
465449,Ganga Eco
360721,Ganga Coresky
419209,Ganga Afra
323093,Ganga An
376131,Ganga Orange
326928,Ganga Gaita
300761,Ganga Bear
383123,Ganga White
435090,Ganga Brasil
301789,Ganga Marina
415671,Ganga Haven
349090,Ganga Velos
346865,Ganga Scrooge
431335,Ganga Etoile
444222,Ganga Shalamar
319933,Ganga Ww
471625,Ganga Galvin
481497,Ganga Adriatic
376855,Ganga World
454330,Ganga Rb
447181,Ganga Qinghe
343490,Ganga Hourai
300439,Ganga Cs
339289,Ganga Dina
490677,Ganga Hokkaido
467688,Ganga Chang
456847,Ganga Beagle
405996,Ganga Point
315428,Ganga Belgrano
482776,Ganga Alliance
437650,Ganga Godafoss
464108,Ganga Geodream
332863,Ganga Vorias
312655,Harborlock Wanta
479502,Harborlock Magroov
350973,Harborlock Sanchet
311351,Harborlock Shockwave
406025,Harborlock Ratchet
312665,Harborlock Crim
345820,Harborlock Bulkhead
444755,Harborlock Brongo
348627,Harborlock Wacker
481462,Harborlock Solus
476663,Coastal Tubarao
344436,Coastal Maple
341856,Coastal Ultra
418022,Coastal Sanana
481304,Coastal Chapel
428759,Coastal Queen
396520,Coastal Sunsea
433151,Coastal Nordsun
411423,Coastal Sti
370779,Coastal Chemocean
357800,Coastal Dominator
332380,Coastal Ocean
471273,Coastal Jbu
372859,Coastal Bw
370498,Coastal Mp
424846,Coastal Seastar
457001,Coastal Westmore
363797,Coastal Jal
435480,Coastal Afar
377361,Coastal Shinwa-Maru
309106,Coastal Mirai
483344,Coastal Thekla
413983,Coastal Berge
352316,Coastal Bro
375826,Coastal Daiwan
425048,Coastal Monjasa
453866,Coastal Agia
476236,Coastal Gousea
339888,Coastal Worldship
335820,Coastal Evdilos
393346,Coastal Lagoon
394081,Coastal Mardan
378871,Coastal Transformer
407499,Coastal Vesta
435408,Coastal Severin
470647,Coastal Otsl
364814,Coastal Clamor
495723,Coastal United
301894,Coastal Pm
368732,Coastal Athens
356405,Coastal Albaro
494869,Coastal Ginga
397803,Coastal Charalambos
448606,Coastal Thalea
319969,Coastal Bunun
311114,Coastal Falcon
432511,Coastal Matterhorn
352046,Coastal Prem
301116,Coastal Castor
430170,Coastal Begonia
354294,Coastal Alora
303427,Coastal Blue
327591,Coastal Hans
405296,Coastal Solea
454197,Coastal C.
403605,Coastal Plainpalais
349659,Coastal Sanmar
365474,Coastal Ayoe
457087,Coastal North
411688,Coastal Yanbu
459228,Coastal Arabella
387913,Coastal Colossus
364396,Coastal La
498080,Coastal Trans
493921,Coastal Jin
433279,Coastal Yc
441599,Coastal Navia
411592,Coastal Manta
358377,Coastal Violet
493913,Coastal Aymar
336979,Coastal Aquavita
389707,Coastal Pelican
345490,Coastal Forza
476366,Coastal The
329002,Coastal Petite
395867,Coastal Nisea
493795,Coastal Star
401751,Coastal Shamrock
395127,Coastal Avril
424408,Coastal Pacific
396717,Coastal Cntic
494614,Coastal Frontier
479555,Coastal James
319101,Coastal Diamond
418168,Coastal Brave
305456,Coastal Photon
388948,Coastal Sealoyalty
398467,Coastal Bluefin
361260,Coastal Tracos
495898,Marisail Prabhu
332673,Marisail Paroship
341905,Marisail Jiang
340303,Marisail Hulda
422577,Marisail Canadian
321621,Marisail Tk
464410,Marisail Sea
477030,Marisail Brilliant
333828,Blue London
486703,Blue Chola
353060,Blue Tsurugi
442446,Blue Magic
499947,Blue Uacc
362983,Blue Amber
469496,Blue Bulldog
468747,Blue Jason
420950,Blue Ncc
429596,Blue Alwine
468203,Blue Ehime
433392,Blue Chemroad
349950,Blue Montrose
302987,Blue Allis
443982,Blue Baniyas
311226,Blue Portofino
343317,Blue Lvm
332150,Blue Honor
485216,Blue Lucky
363442,Blue Lu
463710,Blue Seaways
463298,Blue Chilean
472771,Blue Blossom
436998,Blue V
480873,Blue Laxfoss
481726,Blue Seacor
358179,Blue Degu
421571,Blue Globe
369883,Blue Ginostra
390162,Blue Rimau
391539,Blue Hu
499346,Blue Virgen
471866,Blue Eternal
400725,Blue Cmc
392928,Blue Hls
430467,Blue Jewel
401337,Blue Wf
338006,Blue Prima
400664,Blue Jag
419638,Blue Fortune
434846,Blue Karadeniz
447052,Blue Elisabeth
476539,Blue Sentinel
464398,Blue Sten
404003,Blue Green
432853,Blue Bao
464506,Blue Richmond
468428,Blue Cap
357262,Blue Iceland
355752,Blue Murmure
364782,Blue Bellagio
301434,Blue Merengue
414977,Blue Scl
433676,Blue Mari
436448,Blue New
340039,Blue Chitral
481625,Blue Lausanne
455880,Blue Bagshot
430391,Blue Grand
356828,Blue Senorita
335085,Blue African
395861,Blue Taokas
314114,Blue Redwood
318712,Blue Silverstone
437925,Blue Java
440542,Blue Pis
492101,Blue Reimei
340015,Blue Rio
318023,Blue Meghna
317207,Blue Am
453264,Blue Ever
398031,Blue Ice
314027,Blue Ridgebury
342490,Blue Lisboa
377150,Blue Cristobal
385451,Blue Lepton
445048,Blue Cabo
309965,Blue Sv
336271,Blue Octonaut
380840,Blue Miracle
359522,Blue Sargodha
418402,Blue Mockingbird
432264,Blue Southern
357043,Blue Bungo
423107,Blue Gunung
313262,Blue Fairway
410493,Blue Htk
401626,Blue Thai
479009,Blue Charlie
401995,Blue Aulac
498309,Blue Unity
307739,Blue Weser
434866,Blue Xing
398922,Blue Muon
320297,Blue Peace
382418,Blue Gauri
455704,Blue Grace
315366,Blue Maria
347450,Blue Inf
302650,Blue Indian
406045,Blue Henriette
435518,Blue Hedwig
381856,Blue Bolan
382393,Blue Platinum
329789,Blue Thron
399975,Blue Kalea
388292,Blue C
413994,Blue Sophie
460238,Blue Orchid
342863,Blue Nord
418056,Blue Maersk
480543,Blue Easterly
365336,Blue Hawks
350065,Blue Hafnia
469167,Blue He
452529,Blue Ceylon
343434,Blue Seginus
364996,Blue Msc
443966,Blue Ore
425102,Blue Ines
342335,Blue Bow
391498,Blue Bwek
480366,Blue Mol
388843,Blue Bahama
427815,Blue Scarlet
405720,Blue Como
477297,Blue Big
399028,Blue Cezanne
363533,Blue Port
410803,Blue Efficiency
390911,Blue Ardmore
399836,Blue Sn
394351,Blue Contessa
433404,Blue Cech
449341,Blue Malakand
356219,Blue Nexus
360032,Blue Gluon
334362,Blue Khairpur
412577,Blue Rosetta
395891,Blue Asphalt
339438,Blue Sorsi
356832,Blue Lady
482472,Blue Sapphire
383242,Blue Napha
493609,Blue Henning
338547,Blue Gcl
477167,Blue Orionis
424973,Blue Kirkuk
494320,Blue G
305112,Blue Mrc
405126,Blue Atlas
477701,Blue Vega
440311,Blue Princess
426224,Blue Lone
362273,Blue Marissa
408560,Blue Resilience
304270,Blue Gh
460339,Blue Swift
413915,Blue Alexandra
430584,Blue Delphinus
367987,Blue Lucia
305145,Blue Zondar
389587,Blue Kmarin
335462,Blue Banyan
429386,Blue Viet
384169,Blue Clipper
437149,Blue Montagu
333466,Blue Lila
300135,Blue Sibi
454217,Blue Evita
497271,Blue Liliana
336098,Blue Fair
330195,Blue Alana
449983,Blue Aruna
460974,Blue Apl
393754,Blue Noble
452611,Blue Bitu
329889,Blue Amnsi
390090,Blue Nootka
371334,Blue Puplinge
463065,Blue Hutch
384469,Blue Thor
341751,Blue Moonbright
355339,Blue Fatema
395674,Blue Torm
319077,Blue Willows
383570,Blue Sg
496076,Blue Hyderabad
354383,Blue Ace
402292,Blue Mojo
430066,Blue Karen
433117,Blue Gaia
426725,Blue Naluhu
321043,Blue Natty
428453,Blue Jkt
327191,Blue Hr
472760,Blue Ssl
389782,Blue Mersey
415910,Blue Spirit
321226,Blue Boxer
495761,Blue Wisco
347100,Blue Asp
452224,Blue Ionakos
312797,Blue Eastern
404293,Blue Gamalama
443870,Blue Jasper
372353,Blue Ina
431856,Blue Propel
473324,Blue Nordic
430677,Blue Mentor
425537,Blue Trammo
377449,Blue Alfa
330685,Blue Gold
455118,Blue Saros
366471,Blue Pvt
426125,Blue Roberta
427367,Blue Amns
368408,Blue Northwind
344402,Blue Cutlass
474526,Blue Lynux
338437,Blue Isleman
425432,Blue Clean
408206,Blue Babylon
351033,Blue Clearocean
405759,Blue Chiyotamou
418678,Blue Pico
439629,Blue Spar
451703,Blue Royal
386191,Blue Amalia
458619,Blue Baryon
382583,Blue Kiara
338833,Blue Courage
418308,Blue Norma
359672,Blue Cristallina
347532,Blue True
438755,Blue Yangtze
379233,Blue Tweed
407624,Blue High
482295,Blue Aqualis
405219,Blue Elegant
320453,Blue Kyra
393535,Blue Mastro
463275,Blue Kg
456070,Blue Sino
432268,Blue Dee4
313580,Blue Paola
447445,Blue Jeffreys
423504,Blue Saint
484099,Blue Baltic
425845,Blue Epicurus
310772,Blue Biskra
324124,Blue Aurora
459099,Blue Nyantara
330608,Blue Jenggala
410937,Blue Ripley
418807,Blue Silver
498761,Blue Soyia
418385,Blue Morbihan
305221,Blue Iron
404785,Blue Takao
301333,Blue Jonghap
305860,Blue Oshima
446630,Blue Liang
348270,Blue Mana
318152,Blue Ahinos
357426,Blue Tm
459137,Blue Yong
492018,Blue Adam
424956,Blue Tangier
373992,Blue Delhi
420915,Blue Boyle
493824,Blue Tianbo
328488,Blue Tenacity
414082,Blue Scorpion
398338,Blue Leopard
425371,Blue Steel
355576,Blue F
315081,Blue Benefit
465271,Blue Legacy
469390,Blue Swan
376745,Blue Santoor
467378,Blue Avocet
319916,Blue Capella
347335,Blue Eunapolis
487510,Blue Eureka
468098,Blue Anna
471703,Blue Bari
311222,Blue Vinson
432008,Blue Acadia
402306,Blue Kumud
443473,Blue Jermyn
397595,Blue Imperial
455774,Blue Anand
489247,Blue Guardian
303104,Blue Ajay
422782,Blue Jahan
450618,Blue Maverick
398190,Blue Nissum
337657,Blue Raga
328922,Blue Infinity
396945,Blue Sumat
407900,Blue Sequoia
429411,Blue Sachi
482335,Blue Prosper
378970,Blue Liva
396017,Blue Lodestar
354806,Blue Regent
404015,Blue Weatherly
495911,Blue Volante
306542,Blue Linden
367670,Blue Hua
466504,Blue Cumulus
491538,Blue Bharat
442786,Blue Mercury
454726,Blue Valencia
319148,Blue Parth
350691,Blue Bateleur
397956,Blue Constellation
417049,Blue Valor
330852,Blue Jian
465987,Blue Avana
436993,Blue Leela
373484,Blue Grace
353489,Blue Spiraea
331556,Blue Rock
334172,Blue Kingsway
440125,Blue Utopia
381458,Blue Logrunner
343849,Blue Shuchi
328503,Blue Pursuit
412697,Blue Luca
485041,Blue Hickory
427284,Blue Visakhapatnam
492071,Blue Mate
355302,Blue Trader
308800,Blue Conquest
425941,Blue Discovery
461173,Blue Dove
495647,Blue Kerinci
315201,Blue Doyin
453691,Blue Lunde
351981,Blue Madeira
305058,Blue Sydney
354914,Blue Orchard
421298,Blue Sarita
403762,Blue Yuan
335797,Blue Rambla
426213,Blue Rajiv
365106,Blue Oak
390043,Blue Beverly
313451,Blue Cirrus
358637,Blue Lonsdale
457453,Blue Kailash
432932,Blue Build
301319,Blue Aman
387863,Blue Dweller
492312,Blue Auvergne
465023,Blue Mantis
371719,Blue Shanghai
493882,Blue Lion
459327,Blue Glacier
484530,Blue Oldendorff
404328,Blue Elegance
358790,Blue Stork
347164,Blue Del
303328,Blue Prolific
466669,Blue Serene
314313,Blue Glsr
434954,Blue Providence
397468,Blue Miyabi
406060,Blue Notting
465799,Blue Viraat
427887,Blue Pyrenees
324670,Blue Tyr
462188,Blue Due
323411,Blue Cb
381955,Narad Wembley
425517,Narad Davao
404604,Narad Mcduck
475961,Narad Loong
428331,Narad Gladiator
309562,Narad Avalon
489419,Narad Herald
402613,Narad Aarai
451397,Narad Lupus
450843,Narad Titus
423515,Narad Predator
384057,Narad Marvel
303189,Narad Vision
419424,Narad Conductor
385421,Narad Kudu
489646,Blueport Classic
355407,Blueport Poseidon
442785,Blueport Assemble
360094,Blueport Galaxy
497040,Blueport Uraz
443054,Blueport Donald
450851,Blueport Petrel
470387,Blueport Maersk
393598,Blueport Inf
439501,Blueport Bulker
408379,Blueport Ii
400749,Blueport Magnetic
376867,Blueport Hero
355039,Blueport Osceola
365390,Blueport Pelican
434646,Blueport Atlantic
327989,Blueport Brahmaputra
442123,Blueport Puffin
337609,Blueport Yushi
410890,Blueport St.Charles
350886,Blueport Katarina
472278,Blueport Marita
421042,Blueport Vigilant
317384,Blueport Fin
322494,Blueport Angad
417109,Blueport Spirit
468559,Blueport Lara
426439,Blueport Durban
461210,Blueport Margaret
444802,Blueport Rail
406546,Blueport Wisco
478924,Blueport Cormorant
391119,Blueport Passion
380484,Blueport Gannet
408480,Blueport Meraux
495042,Blueport Dablam
315115,Blueport Lynx
463372,Blueport Danai
403166,Blueport Woodstar
440353,Blueport Oslo
401286,Blueport Panther
375648,Blueport 2
451779,Blueport Yamuna
390984,Blueport Pontos
360653,Blueport Eternity
416784,Blueport Leader
400897,Blueport Duke
497066,Blueport Success
340898,Blueport Crow
306176,Blueport Precision
364666,Blueport Zambezi
308801,Blueport Borneo
425281,Blueport Winner
479902,Blueport Elysees
354127,Blueport Roma
439089,Blueport Almolouk
310795,Blueport Ocean
346060,Blueport Yellowstone
451793,Blueport Buzzard
320624,Blueport Hornet
397983,Blueport Entity
308025,Blueport 8
417437,Blueport Asha
302090,Blueport Kirti
359760,Blueport Camden
311216,Blueport Finfoot
432146,Blueport Digue
452946,Blueport Executive
438925,Blueport Corona
424782,Blueport Eden
364441,Blueport Umang
475089,Blueport Cayman
406057,Blueport Juniper
465019,Blueport Prize
432631,Blueport Voyager
482842,Blueport Galata
389288,Oceancore Aqua
377912,Oceancore Redwood
455159,Oceancore Weaver
415310,Oceancore Triton
325910,Oceancore Ixia
367252,Oceancore Ariana
423108,Oceancore Picardy
429380,Oceancore Grass
430168,Oceancore Sonnet
306800,Oceancore Stella
412398,Oceancore Sakura
473359,Oceancore Apollo
494247,Oceancore Gauntlet
357935,Oceancore Aquamarine
436021,Oceancore Sabarmati
472526,Oceancore Shirin
334039,Oceancore Emerald
304141,Oceancore Kaya
428413,Oceancore Aparna
411605,Oceancore Prima
433310,Oceancore Grouse
378049,Oceancore Arnav
415464,Oceancore Lavender
454149,Oceancore Virginia
484615,Oceancore Siddhi
470613,Oceancore Hammersmith
360595,Oceancore Kabir
392945,Oceancore Artemis
339503,Oceancore El
488736,Oceancore Larch
380284,Oceancore Sarera
433042,Oceancore Lamyra
459893,Oceancore Wisdom
319328,Oceancore Peace
437827,Oceancore Pera
423977,Oceancore Magic
410378,Oceancore Wagtail
336254,Oceancore Guard
474962,Oceancore Romavictor
403062,Oceancore Sare
393579,Oceancore Amaira
354473,Oceancore Gaia
498778,Oceancore Goal
415129,Oceancore Chennai
387037,Oceancore Vulcan
440200,Oceancore Xunyang
349312,Oceancore Pulsar
413971,Oceancore Konpira
487719,Aqualine Crimson
423116,Aqualine Fre
488802,Aqualine Orionis
378261,Aqualine Sl
301915,Aqualine Sun
362984,Aqualine Mavi
436432,Aqualine Tenga
397728,Aqualine Dublin
368271,Aqualine Spirit
490207,Aqualine Viana
383522,Aqualine Lake
336429,Aqualine Shore
480641,Aqualine Joana
451593,Rgb Selatar
425207,Rgb Tind
334436,Rgb Niramit
305486,Rgb Lord
420372,Rgb Brilliance
335366,Rgb Vikram
326635,Rgb Universe
364541,Rgb Dama
448320,Rgb Warbler
368952,Rgb Akso
327577,Rgb Aarati
371493,Rgb Champion
422265,Rgb Asia
416235,Rgb Messina
473000,Rgb Saltoro
365922,Rgb Azure
418137,Rgb Yuvika
464553,Rgb Aalok
329420,Rgb Taurus
470880,Rgb Ol
303305,Rgb Kalpataru
354999,Rgb Experience
385726,Rgb Minahasa
485213,Rgb Gerbera
349001,Rgb Crete
465726,Rgb Quail
431756,Rgb Westport
375540,Rgb Goldeneye
356292,Rgb Rotherhithe
474210,Rgb Resolution
405520,Rgb Mayflower
409516,Rgb Crane
489205,Asian Soniya
354491,Asian Mars
472059,Asian Pluto
410130,Asian Passion
370727,Asian Soho
391264,Asian Frank
487430,Asian Class
312842,Asian Suo
473483,Asian Java
432190,Asian Fuso
446697,Asian Song
360669,Asian Folk
370264,Asian Season 1
440415,Asian Season2
456427,Asian Season 3
363706,Asian Bulk
398178,Asian Chico
312894,Asian Leaf
428473,Asian Bird
479444,Asian Lion
405727,Indopacific An
456320,Indopacific Valhalla
429199,Indopacific Venture
360556,Indopacific Victor
338296,Indopacific Copenhagen
416483,Indopacific Ancud
395575,Indopacific Sanderling
345196,Indopacific Prestige
383471,Indopacific Kite
434763,Indopacific Evdilos
455574,Indopacific Opera
319319,Indopacific Callas
386995,Indopacific Aegean
314966,Indopacific Kestrel
495461,Indopacific Natasha
355132,Indopacific Kara
460607,Indopacific Muna
443904,Indopacific Jone
401073,Indopacific Polar
307486,Indopacific Laddey
381201,Indopacific Leo
408345,Indopacific Munira
365266,Indopacific Lambada
413171,Indopacific Energy
487245,Indopacific Hope
330955,Indopacific Marycam
344272,Indopacific Acacia
365178,Indopacific Athens
322867,Indopacific Sahare
391974,Indopacific Arista
468633,Indopacific Pimlico
324470,Indopacific Bear
493490,Indopacific Amanda
498622,Indopacific Persistence
330211,Indopacific Bango
300539,Indopacific Zhuo
408542,Indopacific San
456822,Indopacific Harrier
425806,Indopacific Ioannis
491984,Indopacific Augustus
397306,Indopacific Phoenix
420514,Indopacific Kalon
314533,Indopacific Reverence
412956,Indopacific Symphony
373369,Indopacific Cheetah
355693,Indopacific Gemini
319928,Indopacific Equity
383457,Indopacific Shakti
499803,Indopacific Biscayne
459153,Indopacific Rui
463828,Indopacific Antillanca
411709,Indopacific Hackney
414424,Indopacific Pioneer
376516,Indopacific Paradise
427664,Indopacific K.
461434,Indopacific Mihikaa
388395,Indopacific Jardins
417119,Indopacific Quest
477926,Indopacific Soul
376357,Indopacific Liger
320719,Indopacific Jawa
479294,Indopacific Westminster
404303,Indopacific Rhone
428853,Indopacific Crown
307478,Indopacific Kiku
378290,Indopacific Alliance
390222,Indopacific Lisa
407388,Indopacific Erebor
417477,Indopacific Kastania
432771,Indopacific Radha
364398,Indopacific No.
416336,Indopacific Raven
374914,Indopacific Amazon
392540,Indopacific Yusuf
349133,Indopacific Spiga
386426,Indopacific Esles
342338,Indopacific Zhaoge
306031,Indopacific Black
346864,Indopacific Dipper
433148,Indopacific Veneto
430122,Indopacific Mya
304223,Indopacific Pari
334341,Indopacific Allegra
439884,Indopacific Punit
391733,Indopacific Kalimantan
452064,Indopacific Hanna
432559,Indopacific Nitnirund
342986,Indopacific Monarch
434168,Indopacific Das
303136,Indopacific Sonority
332226,Indopacific Antigua
392882,Indopacific Arjuna
367906,Indopacific Puni
360714,Indopacific Jaguar
317516,Indopacific Zhe
448803,Indopacific Mahakali
417351,Indopacific Magister
493446,Indopacific Conrad
385058,Indopacific James
340604,Indopacific Jake
440767,Indopacific Regalia
491943,Indopacific Bo
399845,Indopacific Butterfly
434587,Indopacific Manisha
477600,Indopacific Justice
304898,Indopacific Gratitude
464806,Indopacific Venus
422402,Indopacific Everglades
381368,Indopacific Chemi
400197,Indopacific Heart
369975,Indopacific Warrior
393759,Indopacific Queens
414743,Indopacific Heather
306694,Indopacific Maru
446453,Indopacific Sonatina
465957,Indopacific Li
493038,Indopacific Dream
349101,Indopacific Glory
354023,Indopacific Oxpecker
495286,Indopacific Enshi
439795,Indopacific Atlas
414594,Indopacific Mardan
457374,Indopacific Japan
367690,Indopacific Pansy
349764,Indopacific Exceed
334599,Indopacific Liberty
315901,Indopacific Genuine
326317,Indopacific Bridge
387489,Indopacific Queen
498381,Indopacific California
436907,Indopacific Ilex
367579,Indopacific Convoy
425525,Indopacific Xiang
355136,Indopacific Qamar
322536,Indopacific Serenity
418321,Indopacific One
428819,Prime Suparna
329007,Prime Hebei
438224,Prime Mare
336991,Prime Apatite
496444,Prime Badrinath
346944,Prime Joan
494316,Prime Leah
335122,Prime Farha
459223,Prime Yosemite
443231,Prime Pacific
319307,Prime Abdul
454721,Prime Parvati
337015,Prime Priyanka
357521,Prime Fortitude
401402,Prime Thetis
382104,Universal Kefalonia
368541,Universal Balu
469230,Universal Jubilee
436472,Universal Praise
480863,Universal Callao
434382,Universal Ginkgo
354739,Universal Lombard
467861,Universal Maya
347177,Universal Frontier
341820,Universal He
324571,Universal Resolve
474877,Universal Aaron
394861,Universal Orchid
491071,Universal Treasure
320287,Universal Rhea
470683,Universal Amisha
456034,Universal India
416370,Universal Bosphorus
454114,Universal Integrity
370295,Universal Bay
323915,Universal Nerium
413833,Universal Margaux
386752,Universal Royal
432361,Universal May
381184,Universal Quang
329867,Universal Kuta
316057,Universal Youth
488173,Universal Wasp
366654,Universal Progress
480289,Universal Mary
469344,Universal Ensenada
378951,Universal Perkasa
461551,Universal Akshay
433427,Universal Lindy
352062,Universal Ruby
404980,Universal Tulip
318693,Universal Ortakoy
331811,Universal Toni
387287,Universal Constantine
310194,Universal Blackbird
421096,Universal Swift
491708,Universal Bhavishya
489351,Universal Draco
354695,Universal Castor
431046,Universal Life
429859,Universal Alix
422941,Universal Ghadah
371346,Universal Century
409503,Universal Majestic
394203,Universal Dwarka
346787,Universal Toucan
497015,Universal Agrajatra
315425,Universal Dulce
312819,Universal China
437720,Universal Cape
318090,Universal Leena
432807,Universal Brittany
354686,Universal Acton
447156,Universal Respect
309757,Universal Maha
438344,Universal Tembu
356975,Universal Piper
399082,Universal Ibuki
424783,Universal Stratus
355829,Universal Neptune
477306,Universal Viola
394912,Universal Resonance
303502,Universal Winnie
369533,Universal Planet
467488,Universal Sakhawat
313406,Universal Kate
385252,Universal Knight
398972,Universal Hornbill
444794,Universal Prime
386002,Universal Guide
356537,Karachi Capital
389141,Karachi Punjab
435820,Karachi Mang
445530,Karachi Trans
306617,Karachi Pak
396127,Karachi Seher
438775,Karachi Lahor
368725,Karachi Peshawar
392644,Karachi Multan
399607,Karachi Rawalpindi
328770,Karachi Khyber
487140,Karachi Kush
498278,Karachi Thar
430571,Sindh Torex
380648,Indus Orcinus
348716,Taprobane Sibi
358950,Taprobane Multan
